quan,thang,nam,gia,loaibds
1,1,2017,0,1
1,2,2017,0,1
1,3,2017,99,1
1,4,2017,83,1
1,5,2017,73,1
1,6,2017,136,1
1,7,2017,123,1
1,8,2017,122,1
1,9,2017,125,1
1,10,2017,123,1
1,11,2017,127,1
1,12,2017,116,1
1,1,2018,124,1
1,2,2018,121,1
1,3,2018,113,1
1,4,2018,126,1
1,5,2018,138,1
1,6,2018,137,1
1,7,2018,136,1
1,8,2018,139,1
1,9,2018,153,1
1,10,2018,150,1
1,11,2018,143,1
1,12,2018,152,1
1,1,2019,160,1
1,2,2019,161,1
1,3,2019,207,1
1,4,2019,215,1
1,5,2019,222,1
1,6,2019,222,1
1,7,2019,221,1
1,8,2019,221,1
1,9,2019,283,1
1,10,2019,284,1
1,11,2019,258,1
1,12,2019,247,1
1,1,2020,246,1
1,2,2020,242,1
1,3,2020,209,1
1,4,2020,207,1
1,5,2020,215,1
1,6,2020,226,1
1,7,2020,226,1
1,8,2020,229,1
1,9,2020,227,1
1,10,2020,226,1
1,11,2020,230,1
1,12,2020,230,1
1,1,2021,229,1
1,2,2021,231,1
1,3,2021,232,1
1,4,2021,236,1
1,5,2021,238,1
1,6,2021,242,1
1,7,2021,240,1
1,8,2021,233,1
1,9,2021,239,1
1,10,2021,239,1
1,11,2021,283,1
1,12,2021,237,1
1,1,2022,245,1
1,2,2022,242,1
1,3,2022,232,1
1,4,2022,224,1
1,5,2022,215,1
2,1,2017,0,1
2,2,2017,0,1
2,3,2017,0,1
2,4,2017,50,1
2,5,2017,42,1
2,6,2017,45,1
2,7,2017,45,1
2,8,2017,45,1
2,9,2017,45,1
2,10,2017,43,1
2,11,2017,43,1
2,12,2017,45,1
2,1,2018,39,1
2,2,2018,39,1
2,3,2018,45,1
2,4,2018,50,1
2,5,2018,50,1
2,6,2018,49,1
2,7,2018,51,1
2,8,2018,51,1
2,9,2018,50,1
2,10,2018,52,1
2,11,2018,52,1
2,12,2018,54,1
2,1,2019,54,1
2,2,2019,56,1
2,3,2019,61,1
2,4,2019,62,1
2,5,2019,68,1
2,6,2019,70,1
2,7,2019,76,1
2,8,2019,79,1
2,9,2019,75,1
2,10,2019,76,1
2,11,2019,72,1
2,12,2019,74,1
2,1,2020,72,1
2,2,2020,72,1
2,3,2020,73,1
2,4,2020,71,1
2,5,2020,73,1
2,6,2020,70,1
2,7,2020,72,1
2,8,2020,72,1
2,9,2020,73,1
2,10,2020,73,1
2,11,2020,75,1
2,12,2020,75,1
2,1,2021,76,1
2,2,2021,76,1
2,3,2021,76,1
2,4,2021,78,1
2,5,2021,79,1
2,6,2021,81,1
2,7,2021,83,1
2,8,2021,84,1
2,9,2021,85,1
2,10,2021,88,1
2,11,2021,91,1
2,12,2021,91,1
2,1,2022,91,1
2,2,2022,92,1
2,3,2022,91,1
2,4,2022,89,1
2,5,2022,85,1
3,1,2017,123,1
3,2,2017,123,1
3,3,2017,108,1
3,4,2017,98,1
3,5,2017,91,1
3,6,2017,91,1
3,7,2017,99,1
3,8,2017,96,1
3,9,2017,97,1
3,10,2017,98,1
3,11,2017,99,1
3,12,2017,103,1
3,1,2018,96,1
3,2,2018,102,1
3,3,2018,106,1
3,4,2018,109,1
3,5,2018,117,1
3,6,2018,120,1
3,7,2018,126,1
3,8,2018,128,1
3,9,2018,133,1
3,10,2018,134,1
3,11,2018,134,1
3,12,2018,146,1
3,1,2019,148,1
3,2,2019,148,1
3,3,2019,152,1
3,4,2019,159,1
3,5,2019,161,1
3,6,2019,162,1
3,7,2019,204,1
3,8,2019,202,1
3,9,2019,204,1
3,10,2019,206,1
3,11,2019,204,1
3,12,2019,204,1
3,1,2020,283,1
3,2,2020,184,1
3,3,2020,180,1
3,4,2020,179,1
3,5,2020,181,1
3,6,2020,183,1
3,7,2020,179,1
3,8,2020,181,1
3,9,2020,189,1
3,10,2020,188,1
3,11,2020,190,1
3,12,2020,191,1
3,1,2021,192,1
3,2,2021,193,1
3,3,2021,195,1
3,4,2021,197,1
3,5,2021,196,1
3,6,2021,194,1
3,7,2021,195,1
3,8,2021,195,1
3,9,2021,196,1
3,10,2021,196,1
3,11,2021,196,1
3,12,2021,187,1
3,1,2022,189,1
3,2,2022,187,1
3,3,2022,184,1
3,4,2022,182,1
3,5,2022,178,1
4,1,2017,82,1
4,2,2017,82,1
4,3,2017,65,1
4,4,2017,54,1
4,5,2017,58,1
4,6,2017,61,1
4,7,2017,67,1
4,8,2017,69,1
4,9,2017,69,1
4,10,2017,68,1
4,11,2017,68,1
4,12,2017,70,1
4,1,2018,66,1
4,2,2018,61,1
4,3,2018,61,1
4,4,2018,64,1
4,5,2018,70,1
4,6,2018,70,1
4,7,2018,71,1
4,8,2018,76,1
4,9,2018,78,1
4,10,2018,78,1
4,11,2018,75,1
4,12,2018,76,1
4,1,2019,77,1
4,2,2019,73,1
4,3,2019,77,1
4,4,2019,85,1
4,5,2019,91,1
4,6,2019,97,1
4,7,2019,94,1
4,8,2019,98,1
4,9,2019,147,1
4,10,2019,134,1
4,11,2019,127,1
4,12,2019,121,1
4,1,2020,122,1
4,2,2020,121,1
4,3,2020,107,1
4,4,2020,109,1
4,5,2020,110,1
4,6,2020,108,1
4,7,2020,107,1
4,8,2020,107,1
4,9,2020,108,1
4,10,2020,107,1
4,11,2020,107,1
4,12,2020,107,1
4,1,2021,108,1
4,2,2021,109,1
4,3,2021,109,1
4,4,2021,108,1
4,5,2021,108,1
4,6,2021,108,1
4,7,2021,107,1
4,8,2021,107,1
4,9,2021,108,1
4,10,2021,109,1
4,11,2021,109,1
4,12,2021,109,1
4,1,2022,108,1
4,2,2022,109,1
4,3,2022,109,1
4,4,2022,107,1
4,5,2022,110,1
5,1,2017,0,1
5,2,2017,0,1
5,3,2017,85,1
5,4,2017,85,1
5,5,2017,109,1
5,6,2017,115,1
5,7,2017,121,1
5,8,2017,121,1
5,9,2017,120,1
5,10,2017,120,1
5,11,2017,120,1
5,12,2017,125,1
5,1,2018,89,1
5,2,2018,81,1
5,3,2018,99,1
5,4,2018,110,1
5,5,2018,118,1
5,6,2018,119,1
5,7,2018,133,1
5,8,2018,130,1
5,9,2018,133,1
5,10,2018,131,1
5,11,2018,126,1
5,12,2018,124,1
5,1,2019,123,1
5,2,2019,132,1
5,3,2019,133,1
5,4,2019,135,1
5,5,2019,147,1
5,6,2019,156,1
5,7,2019,160,1
5,8,2019,159,1
5,9,2019,159,1
5,10,2019,163,1
5,11,2019,158,1
5,12,2019,158,1
5,1,2020,151,1
5,2,2020,163,1
5,3,2020,171,1
5,4,2020,164,1
5,5,2020,195,1
5,6,2020,189,1
5,7,2020,193,1
5,8,2020,194,1
5,9,2020,195,1
5,10,2020,194,1
5,11,2020,195,1
5,12,2020,195,1
5,1,2021,198,1
5,2,2021,197,1
5,3,2021,195,1
5,4,2021,193,1
5,5,2021,197,1
5,6,2021,198,1
5,7,2021,195,1
5,8,2021,196,1
5,9,2021,197,1
5,10,2021,197,1
5,11,2021,196,1
5,12,2021,198,1
5,1,2022,198,1
5,2,2022,198,1
5,3,2022,200,1
5,4,2022,193,1
5,5,2022,192,1
6,1,2017,0,1
6,2,2017,0,1
6,3,2017,80,1
6,4,2017,80,1
6,5,2017,47,1
6,6,2017,55,1
6,7,2017,56,1
6,8,2017,58,1
6,9,2017,58,1
6,10,2017,58,1
6,11,2017,58,1
6,12,2017,60,1
6,1,2018,64,1
6,2,2018,66,1
6,3,2018,65,1
6,4,2018,66,1
6,5,2018,65,1
6,6,2018,67,1
6,7,2018,68,1
6,8,2018,69,1
6,9,2018,73,1
6,10,2018,73,1
6,11,2018,81,1
6,12,2018,85,1
6,1,2019,87,1
6,2,2019,86,1
6,3,2019,85,1
6,4,2019,87,1
6,5,2019,86,1
6,6,2019,89,1
6,7,2019,91,1
6,8,2019,93,1
6,9,2019,95,1
6,10,2019,94,1
6,11,2019,95,1
6,12,2019,92,1
6,1,2020,90,1
6,2,2020,93,1
6,3,2020,93,1
6,4,2020,95,1
6,5,2020,94,1
6,6,2020,101,1
6,7,2020,101,1
6,8,2020,102,1
6,9,2020,103,1
6,10,2020,104,1
6,11,2020,103,1
6,12,2020,103,1
6,1,2021,103,1
6,2,2021,103,1
6,3,2021,105,1
6,4,2021,105,1
6,5,2021,106,1
6,6,2021,106,1
6,7,2021,106,1
6,8,2021,106,1
6,9,2021,107,1
6,10,2021,108,1
6,11,2021,108,1
6,12,2021,108,1
6,1,2022,109,1
6,2,2022,110,1
6,3,2022,108,1
6,4,2022,107,1
6,5,2022,107,1
7,1,2017,19,1
7,2,2017,19,1
7,3,2017,48,1
7,4,2017,46,1
7,5,2017,49,1
7,6,2017,47,1
7,7,2017,48,1
7,8,2017,49,1
7,9,2017,49,1
7,10,2017,49,1
7,11,2017,49,1
7,12,2017,51,1
7,1,2018,53,1
7,2,2018,59,1
7,3,2018,53,1
7,4,2018,56,1
7,5,2018,64,1
7,6,2018,65,1
7,7,2018,65,1
7,8,2018,68,1
7,9,2018,68,1
7,10,2018,68,1
7,11,2018,68,1
7,12,2018,71,1
7,1,2019,73,1
7,2,2019,73,1
7,3,2019,78,1
7,4,2019,79,1
7,5,2019,77,1
7,6,2019,77,1
7,7,2019,78,1
7,8,2019,78,1
7,9,2019,76,1
7,10,2019,77,1
7,11,2019,79,1
7,12,2019,79,1
7,1,2020,79,1
7,2,2020,80,1
7,3,2020,83,1
7,4,2020,85,1
7,5,2020,87,1
7,6,2020,86,1
7,7,2020,85,1
7,8,2020,85,1
7,9,2020,85,1
7,10,2020,85,1
7,11,2020,86,1
7,12,2020,87,1
7,1,2021,88,1
7,2,2021,88,1
7,3,2021,88,1
7,4,2021,89,1
7,5,2021,88,1
7,6,2021,89,1
7,7,2021,89,1
7,8,2021,89,1
7,9,2021,90,1
7,10,2021,90,1
7,11,2021,90,1
7,12,2021,89,1
7,1,2022,90,1
7,2,2022,89,1
7,3,2022,90,1
7,4,2022,89,1
7,5,2022,90,1
8,1,2017,43,1
8,2,2017,43,1
8,3,2017,47,1
8,4,2017,45,1
8,5,2017,51,1
8,6,2017,51,1
8,7,2017,51,1
8,8,2017,52,1
8,9,2017,53,1
8,10,2017,53,1
8,11,2017,53,1
8,12,2017,59,1
8,1,2018,57,1
8,2,2018,57,1
8,3,2018,54,1
8,4,2018,55,1
8,5,2018,61,1
8,6,2018,60,1
8,7,2018,61,1
8,8,2018,63,1
8,9,2018,66,1
8,10,2018,69,1
8,11,2018,70,1
8,12,2018,72,1
8,1,2019,72,1
8,2,2019,74,1
8,3,2019,75,1
8,4,2019,77,1
8,5,2019,78,1
8,6,2019,78,1
8,7,2019,80,1
8,8,2019,80,1
8,9,2019,81,1
8,10,2019,82,1
8,11,2019,83,1
8,12,2019,86,1
8,1,2020,87,1
8,2,2020,89,1
8,3,2020,90,1
8,4,2020,91,1
8,5,2020,92,1
8,6,2020,91,1
8,7,2020,91,1
8,8,2020,91,1
8,9,2020,91,1
8,10,2020,91,1
8,11,2020,90,1
8,12,2020,90,1
8,1,2021,90,1
8,2,2021,89,1
8,3,2021,90,1
8,4,2021,91,1
8,5,2021,90,1
8,6,2021,90,1
8,7,2021,90,1
8,8,2021,90,1
8,9,2021,92,1
8,10,2021,93,1
8,11,2021,93,1
8,12,2021,94,1
8,1,2022,94,1
8,2,2022,95,1
8,3,2022,94,1
8,4,2022,95,1
8,5,2022,95,1
9,1,2017,0,1
9,2,2017,0,1
9,3,2017,26,1
9,4,2017,26,1
9,5,2017,14,1
9,6,2017,29,1
9,7,2017,29,1
9,8,2017,29,1
9,9,2017,29,1
9,10,2017,30,1
9,11,2017,30,1
9,12,2017,30,1
9,1,2018,31,1
9,2,2018,29,1
9,3,2018,34,1
9,4,2018,34,1
9,5,2018,34,1
9,6,2018,34,1
9,7,2018,34,1
9,8,2018,36,1
9,9,2018,37,1
9,10,2018,39,1
9,11,2018,41,1
9,12,2018,42,1
9,1,2019,43,1
9,2,2019,42,1
9,3,2019,44,1
9,4,2019,46,1
9,5,2019,49,1
9,6,2019,53,1
9,7,2019,52,1
9,8,2019,55,1
9,9,2019,55,1
9,10,2019,57,1
9,11,2019,57,1
9,12,2019,57,1
9,1,2020,58,1
9,2,2020,57,1
9,3,2020,59,1
9,4,2020,59,1
9,5,2020,58,1
9,6,2020,59,1
9,7,2020,58,1
9,8,2020,58,1
9,9,2020,58,1
9,10,2020,58,1
9,11,2020,57,1
9,12,2020,58,1
9,1,2021,58,1
9,2,2021,59,1
9,3,2021,61,1
9,4,2021,63,1
9,5,2021,64,1
9,6,2021,64,1
9,7,2021,65,1
9,8,2021,66,1
9,9,2021,66,1
9,10,2021,66,1
9,11,2021,66,1
9,12,2021,66,1
9,1,2022,66,1
9,2,2022,66,1
9,3,2022,68,1
9,4,2022,69,1
9,5,2022,69,1
10,1,2017,103,1
10,2,2017,103,1
10,3,2017,95,1
10,4,2017,92,1
10,5,2017,87,1
10,6,2017,99,1
10,7,2017,100,1
10,8,2017,99,1
10,9,2017,99,1
10,10,2017,101,1
10,11,2017,101,1
10,12,2017,100,1
10,1,2018,103,1
10,2,2018,106,1
10,3,2018,104,1
10,4,2018,109,1
10,5,2018,118,1
10,6,2018,121,1
10,7,2018,123,1
10,8,2018,125,1
10,9,2018,130,1
10,10,2018,137,1
10,11,2018,141,1
10,12,2018,136,1
10,1,2019,134,1
10,2,2019,140,1
10,3,2019,141,1
10,4,2019,146,1
10,5,2019,157,1
10,6,2019,159,1
10,7,2019,161,1
10,8,2019,160,1
10,9,2019,158,1
10,10,2019,155,1
10,11,2019,146,1
10,12,2019,149,1
10,1,2020,151,1
10,2,2020,163,1
10,3,2020,171,1
10,4,2020,175,1
10,5,2020,177,1
10,6,2020,180,1
10,7,2020,178,1
10,8,2020,179,1
10,9,2020,182,1
10,10,2020,181,1
10,11,2020,181,1
10,12,2020,178,1
10,1,2021,180,1
10,2,2021,182,1
10,3,2021,181,1
10,4,2021,182,1
10,5,2021,192,1
10,6,2021,184,1
10,7,2021,183,1
10,8,2021,183,1
10,9,2021,185,1
10,10,2021,185,1
10,11,2021,185,1
10,12,2021,185,1
10,1,2022,185,1
10,2,2022,186,1
10,3,2022,182,1
10,4,2022,178,1
10,5,2022,181,1
11,1,2017,72,1
11,2,2017,72,1
11,3,2017,66,1
11,4,2017,67,1
11,5,2017,76,1
11,6,2017,80,1
11,7,2017,81,1
11,8,2017,81,1
11,9,2017,81,1
11,10,2017,81,1
11,11,2017,82,1
11,12,2017,84,1
11,1,2018,87,1
11,2,2018,89,1
11,3,2018,93,1
11,4,2018,94,1
11,5,2018,94,1
11,6,2018,93,1
11,7,2018,94,1
11,8,2018,94,1
11,9,2018,94,1
11,10,2018,94,1
11,11,2018,95,1
11,12,2018,97,1
11,1,2019,100,1
11,2,2019,105,1
11,3,2019,106,1
11,4,2019,108,1
11,5,2019,111,1
11,6,2019,111,1
11,7,2019,114,1
11,8,2019,114,1
11,9,2019,113,1
11,10,2019,117,1
11,11,2019,120,1
11,12,2019,122,1
11,1,2020,128,1
11,2,2020,131,1
11,3,2020,133,1
11,4,2020,130,1
11,5,2020,129,1
11,6,2020,132,1
11,7,2020,133,1
11,8,2020,134,1
11,9,2020,135,1
11,10,2020,135,1
11,11,2020,135,1
11,12,2020,136,1
11,1,2021,136,1
11,2,2021,137,1
11,3,2021,137,1
11,4,2021,139,1
11,5,2021,140,1
11,6,2021,142,1
11,7,2021,142,1
11,8,2021,143,1
11,9,2021,145,1
11,10,2021,144,1
11,11,2021,145,1
11,12,2021,147,1
11,1,2022,148,1
11,2,2022,148,1
11,3,2022,150,1
11,4,2022,150,1
11,5,2022,145,1
12,1,2017,28,1
12,2,2017,28,1
12,3,2017,27,1
12,4,2017,29,1
12,5,2017,32,1
12,6,2017,30,1
12,7,2017,30,1
12,8,2017,30,1
12,9,2017,30,1
12,10,2017,30,1
12,11,2017,31,1
12,12,2017,32,1
12,1,2018,32,1
12,2,2018,32,1
12,3,2018,32,1
12,4,2018,33,1
12,5,2018,33,1
12,6,2018,35,1
12,7,2018,35,1
12,8,2018,37,1
12,9,2018,38,1
12,10,2018,38,1
12,11,2018,40,1
12,12,2018,43,1
12,1,2019,45,1
12,2,2019,47,1
12,3,2019,47,1
12,4,2019,48,1
12,5,2019,50,1
12,6,2019,52,1
12,7,2019,53,1
12,8,2019,53,1
12,9,2019,54,1
12,10,2019,55,1
12,11,2019,56,1
12,12,2019,57,1
12,1,2020,57,1
12,2,2020,57,1
12,3,2020,57,1
12,4,2020,58,1
12,5,2020,58,1
12,6,2020,58,1
12,7,2020,58,1
12,8,2020,58,1
12,9,2020,58,1
12,10,2020,58,1
12,11,2020,58,1
12,12,2020,58,1
12,1,2021,58,1
12,2,2021,58,1
12,3,2021,59,1
12,4,2021,59,1
12,5,2021,59,1
12,6,2021,59,1
12,7,2021,59,1
12,8,2021,60,1
12,9,2021,60,1
12,10,2021,60,1
12,11,2021,60,1
12,12,2021,60,1
12,1,2022,60,1
12,2,2022,61,1
12,3,2022,63,1
12,4,2022,63,1
12,5,2022,64,1
Bình Tân,1,2017,41,1
Bình Tân,2,2017,41,1
Bình Tân,3,2017,43,1
Bình Tân,4,2017,41,1
Bình Tân,5,2017,44,1
Bình Tân,6,2017,42,1
Bình Tân,7,2017,42,1
Bình Tân,8,2017,42,1
Bình Tân,9,2017,42,1
Bình Tân,10,2017,42,1
Bình Tân,11,2017,42,1
Bình Tân,12,2017,42,1
Bình Tân,1,2018,42,1
Bình Tân,2,2018,42,1
Bình Tân,3,2018,44,1
Bình Tân,4,2018,45,1
Bình Tân,5,2018,47,1
Bình Tân,6,2018,48,1
Bình Tân,7,2018,48,1
Bình Tân,8,2018,49,1
Bình Tân,9,2018,50,1
Bình Tân,10,2018,52,1
Bình Tân,11,2018,55,1
Bình Tân,12,2018,57,1
Bình Tân,1,2019,59,1
Bình Tân,2,2019,61,1
Bình Tân,3,2019,61,1
Bình Tân,4,2019,61,1
Bình Tân,5,2019,61,1
Bình Tân,6,2019,60,1
Bình Tân,7,2019,62,1
Bình Tân,8,2019,63,1
Bình Tân,9,2019,65,1
Bình Tân,10,2019,66,1
Bình Tân,11,2019,68,1
Bình Tân,12,2019,68,1
Bình Tân,1,2020,69,1
Bình Tân,2,2020,70,1
Bình Tân,3,2020,71,1
Bình Tân,4,2020,72,1
Bình Tân,5,2020,72,1
Bình Tân,6,2020,75,1
Bình Tân,7,2020,74,1
Bình Tân,8,2020,73,1
Bình Tân,9,2020,113,1
Bình Tân,10,2020,112,1
Bình Tân,11,2020,111,1
Bình Tân,12,2020,73,1
Bình Tân,1,2021,73,1
Bình Tân,2,2021,73,1
Bình Tân,3,2021,74,1
Bình Tân,4,2021,74,1
Bình Tân,5,2021,74,1
Bình Tân,6,2021,75,1
Bình Tân,7,2021,75,1
Bình Tân,8,2021,75,1
Bình Tân,9,2021,75,1
Bình Tân,10,2021,75,1
Bình Tân,11,2021,74,1
Bình Tân,12,2021,73,1
Bình Tân,1,2022,74,1
Bình Tân,2,2022,74,1
Bình Tân,3,2022,74,1
Bình Tân,4,2022,76,1
Bình Tân,5,2022,77,1
Bình Thạnh,1,2017,62,1
Bình Thạnh,2,2017,62,1
Bình Thạnh,3,2017,68,1
Bình Thạnh,4,2017,66,1
Bình Thạnh,5,2017,67,1
Bình Thạnh,6,2017,69,1
Bình Thạnh,7,2017,71,1
Bình Thạnh,8,2017,72,1
Bình Thạnh,9,2017,72,1
Bình Thạnh,10,2017,72,1
Bình Thạnh,11,2017,73,1
Bình Thạnh,12,2017,77,1
Bình Thạnh,1,2018,76,1
Bình Thạnh,2,2018,76,1
Bình Thạnh,3,2018,76,1
Bình Thạnh,4,2018,79,1
Bình Thạnh,5,2018,82,1
Bình Thạnh,6,2018,83,1
Bình Thạnh,7,2018,87,1
Bình Thạnh,8,2018,87,1
Bình Thạnh,9,2018,89,1
Bình Thạnh,10,2018,91,1
Bình Thạnh,11,2018,92,1
Bình Thạnh,12,2018,95,1
Bình Thạnh,1,2019,92,1
Bình Thạnh,2,2019,96,1
Bình Thạnh,3,2019,100,1
Bình Thạnh,4,2019,104,1
Bình Thạnh,5,2019,108,1
Bình Thạnh,6,2019,114,1
Bình Thạnh,7,2019,115,1
Bình Thạnh,8,2019,113,1
Bình Thạnh,9,2019,113,1
Bình Thạnh,10,2019,114,1
Bình Thạnh,11,2019,112,1
Bình Thạnh,12,2019,110,1
Bình Thạnh,1,2020,112,1
Bình Thạnh,2,2020,112,1
Bình Thạnh,3,2020,113,1
Bình Thạnh,4,2020,116,1
Bình Thạnh,5,2020,118,1
Bình Thạnh,6,2020,123,1
Bình Thạnh,7,2020,122,1
Bình Thạnh,8,2020,123,1
Bình Thạnh,9,2020,124,1
Bình Thạnh,10,2020,124,1
Bình Thạnh,11,2020,123,1
Bình Thạnh,12,2020,124,1
Bình Thạnh,1,2021,124,1
Bình Thạnh,2,2021,124,1
Bình Thạnh,3,2021,125,1
Bình Thạnh,4,2021,125,1
Bình Thạnh,5,2021,126,1
Bình Thạnh,6,2021,126,1
Bình Thạnh,7,2021,126,1
Bình Thạnh,8,2021,126,1
Bình Thạnh,9,2021,127,1
Bình Thạnh,10,2021,129,1
Bình Thạnh,11,2021,129,1
Bình Thạnh,12,2021,447,1
Bình Thạnh,1,2022,438,1
Bình Thạnh,2,2022,483,1
Bình Thạnh,3,2022,125,1
Bình Thạnh,4,2022,125,1
Bình Thạnh,5,2022,125,1
Gò Vấp,1,2017,43,1
Gò Vấp,2,2017,43,1
Gò Vấp,3,2017,49,1
Gò Vấp,4,2017,49,1
Gò Vấp,5,2017,53,1
Gò Vấp,6,2017,54,1
Gò Vấp,7,2017,54,1
Gò Vấp,8,2017,54,1
Gò Vấp,9,2017,54,1
Gò Vấp,10,2017,55,1
Gò Vấp,11,2017,55,1
Gò Vấp,12,2017,56,1
Gò Vấp,1,2018,56,1
Gò Vấp,2,2018,57,1
Gò Vấp,3,2018,58,1
Gò Vấp,4,2018,59,1
Gò Vấp,5,2018,59,1
Gò Vấp,6,2018,61,1
Gò Vấp,7,2018,63,1
Gò Vấp,8,2018,64,1
Gò Vấp,9,2018,66,1
Gò Vấp,10,2018,68,1
Gò Vấp,11,2018,71,1
Gò Vấp,12,2018,73,1
Gò Vấp,1,2019,74,1
Gò Vấp,2,2019,75,1
Gò Vấp,3,2019,78,1
Gò Vấp,4,2019,80,1
Gò Vấp,5,2019,81,1
Gò Vấp,6,2019,83,1
Gò Vấp,7,2019,84,1
Gò Vấp,8,2019,85,1
Gò Vấp,9,2019,92,1
Gò Vấp,10,2019,111,1
Gò Vấp,11,2019,112,1
Gò Vấp,12,2019,109,1
Gò Vấp,1,2020,111,1
Gò Vấp,2,2020,109,1
Gò Vấp,3,2020,102,1
Gò Vấp,4,2020,84,1
Gò Vấp,5,2020,94,1
Gò Vấp,6,2020,95,1
Gò Vấp,7,2020,95,1
Gò Vấp,8,2020,95,1
Gò Vấp,9,2020,95,1
Gò Vấp,10,2020,95,1
Gò Vấp,11,2020,95,1
Gò Vấp,12,2020,95,1
Gò Vấp,1,2021,95,1
Gò Vấp,2,2021,96,1
Gò Vấp,3,2021,97,1
Gò Vấp,4,2021,97,1
Gò Vấp,5,2021,97,1
Gò Vấp,6,2021,97,1
Gò Vấp,7,2021,97,1
Gò Vấp,8,2021,98,1
Gò Vấp,9,2021,98,1
Gò Vấp,10,2021,99,1
Gò Vấp,11,2021,100,1
Gò Vấp,12,2021,100,1
Gò Vấp,1,2022,100,1
Gò Vấp,2,2022,100,1
Gò Vấp,3,2022,100,1
Gò Vấp,4,2022,99,1
Gò Vấp,5,2022,99,1
Phú Nhuận,1,2017,63,1
Phú Nhuận,2,2017,55,1
Phú Nhuận,3,2017,88,1
Phú Nhuận,4,2017,88,1
Phú Nhuận,5,2017,89,1
Phú Nhuận,6,2017,88,1
Phú Nhuận,7,2017,91,1
Phú Nhuận,8,2017,92,1
Phú Nhuận,9,2017,91,1
Phú Nhuận,10,2017,91,1
Phú Nhuận,11,2017,92,1
Phú Nhuận,12,2017,96,1
Phú Nhuận,1,2018,90,1
Phú Nhuận,2,2018,85,1
Phú Nhuận,3,2018,86,1
Phú Nhuận,4,2018,100,1
Phú Nhuận,5,2018,100,1
Phú Nhuận,6,2018,101,1
Phú Nhuận,7,2018,109,1
Phú Nhuận,8,2018,111,1
Phú Nhuận,9,2018,113,1
Phú Nhuận,10,2018,118,1
Phú Nhuận,11,2018,120,1
Phú Nhuận,12,2018,123,1
Phú Nhuận,1,2019,123,1
Phú Nhuận,2,2019,121,1
Phú Nhuận,3,2019,122,1
Phú Nhuận,4,2019,125,1
Phú Nhuận,5,2019,127,1
Phú Nhuận,6,2019,135,1
Phú Nhuận,7,2019,139,1
Phú Nhuận,8,2019,141,1
Phú Nhuận,9,2019,143,1
Phú Nhuận,10,2019,146,1
Phú Nhuận,11,2019,150,1
Phú Nhuận,12,2019,150,1
Phú Nhuận,1,2020,149,1
Phú Nhuận,2,2020,150,1
Phú Nhuận,3,2020,149,1
Phú Nhuận,4,2020,147,1
Phú Nhuận,5,2020,146,1
Phú Nhuận,6,2020,147,1
Phú Nhuận,7,2020,153,1
Phú Nhuận,8,2020,154,1
Phú Nhuận,9,2020,155,1
Phú Nhuận,10,2020,155,1
Phú Nhuận,11,2020,155,1
Phú Nhuận,12,2020,156,1
Phú Nhuận,1,2021,156,1
Phú Nhuận,2,2021,156,1
Phú Nhuận,3,2021,158,1
Phú Nhuận,4,2021,158,1
Phú Nhuận,5,2021,161,1
Phú Nhuận,6,2021,161,1
Phú Nhuận,7,2021,162,1
Phú Nhuận,8,2021,162,1
Phú Nhuận,9,2021,164,1
Phú Nhuận,10,2021,168,1
Phú Nhuận,11,2021,166,1
Phú Nhuận,12,2021,166,1
Phú Nhuận,1,2022,168,1
Phú Nhuận,2,2022,168,1
Phú Nhuận,3,2022,165,1
Phú Nhuận,4,2022,164,1
Phú Nhuận,5,2022,164,1
Tân Bình,1,2017,48,1
Tân Bình,2,2017,48,1
Tân Bình,3,2017,62,1
Tân Bình,4,2017,62,1
Tân Bình,5,2017,63,1
Tân Bình,6,2017,70,1
Tân Bình,7,2017,69,1
Tân Bình,8,2017,69,1
Tân Bình,9,2017,70,1
Tân Bình,10,2017,70,1
Tân Bình,11,2017,71,1
Tân Bình,12,2017,70,1
Tân Bình,1,2018,70,1
Tân Bình,2,2018,70,1
Tân Bình,3,2018,72,1
Tân Bình,4,2018,72,1
Tân Bình,5,2018,78,1
Tân Bình,6,2018,79,1
Tân Bình,7,2018,82,1
Tân Bình,8,2018,81,1
Tân Bình,9,2018,82,1
Tân Bình,10,2018,85,1
Tân Bình,11,2018,86,1
Tân Bình,12,2018,90,1
Tân Bình,1,2019,91,1
Tân Bình,2,2019,95,1
Tân Bình,3,2019,100,1
Tân Bình,4,2019,102,1
Tân Bình,5,2019,103,1
Tân Bình,6,2019,105,1
Tân Bình,7,2019,105,1
Tân Bình,8,2019,104,1
Tân Bình,9,2019,104,1
Tân Bình,10,2019,106,1
Tân Bình,11,2019,110,1
Tân Bình,12,2019,109,1
Tân Bình,1,2020,111,1
Tân Bình,2,2020,111,1
Tân Bình,3,2020,112,1
Tân Bình,4,2020,112,1
Tân Bình,5,2020,116,1
Tân Bình,6,2020,119,1
Tân Bình,7,2020,119,1
Tân Bình,8,2020,119,1
Tân Bình,9,2020,120,1
Tân Bình,10,2020,121,1
Tân Bình,11,2020,120,1
Tân Bình,12,2020,121,1
Tân Bình,1,2021,121,1
Tân Bình,2,2021,123,1
Tân Bình,3,2021,125,1
Tân Bình,4,2021,125,1
Tân Bình,5,2021,125,1
Tân Bình,6,2021,125,1
Tân Bình,7,2021,125,1
Tân Bình,8,2021,125,1
Tân Bình,9,2021,124,1
Tân Bình,10,2021,126,1
Tân Bình,11,2021,128,1
Tân Bình,12,2021,128,1
Tân Bình,1,2022,129,1
Tân Bình,2,2022,129,1
Tân Bình,3,2022,130,1
Tân Bình,4,2022,129,1
Tân Bình,5,2022,128,1
Tân Phú,1,2017,63,1
Tân Phú,2,2017,63,1
Tân Phú,3,2017,53,1
Tân Phú,4,2017,53,1
Tân Phú,5,2017,58,1
Tân Phú,6,2017,56,1
Tân Phú,7,2017,56,1
Tân Phú,8,2017,56,1
Tân Phú,9,2017,56,1
Tân Phú,10,2017,56,1
Tân Phú,11,2017,56,1
Tân Phú,12,2017,56,1
Tân Phú,1,2018,55,1
Tân Phú,2,2018,55,1
Tân Phú,3,2018,58,1
Tân Phú,4,2018,60,1
Tân Phú,5,2018,62,1
Tân Phú,6,2018,63,1
Tân Phú,7,2018,65,1
Tân Phú,8,2018,67,1
Tân Phú,9,2018,68,1
Tân Phú,10,2018,71,1
Tân Phú,11,2018,74,1
Tân Phú,12,2018,76,1
Tân Phú,1,2019,79,1
Tân Phú,2,2019,79,1
Tân Phú,3,2019,81,1
Tân Phú,4,2019,83,1
Tân Phú,5,2019,85,1
Tân Phú,6,2019,86,1
Tân Phú,7,2019,87,1
Tân Phú,8,2019,88,1
Tân Phú,9,2019,89,1
Tân Phú,10,2019,92,1
Tân Phú,11,2019,94,1
Tân Phú,12,2019,94,1
Tân Phú,1,2020,94,1
Tân Phú,2,2020,94,1
Tân Phú,3,2020,95,1
Tân Phú,4,2020,96,1
Tân Phú,5,2020,95,1
Tân Phú,6,2020,96,1
Tân Phú,7,2020,96,1
Tân Phú,8,2020,95,1
Tân Phú,9,2020,95,1
Tân Phú,10,2020,95,1
Tân Phú,11,2020,95,1
Tân Phú,12,2020,96,1
Tân Phú,1,2021,96,1
Tân Phú,2,2021,97,1
Tân Phú,3,2021,97,1
Tân Phú,4,2021,242,1
Tân Phú,5,2021,256,1
Tân Phú,6,2021,100,1
Tân Phú,7,2021,100,1
Tân Phú,8,2021,101,1
Tân Phú,9,2021,102,1
Tân Phú,10,2021,103,1
Tân Phú,11,2021,103,1
Tân Phú,12,2021,103,1
Tân Phú,1,2022,103,1
Tân Phú,2,2022,102,1
Tân Phú,3,2022,101,1
Tân Phú,4,2022,101,1
Tân Phú,5,2022,102,1
Thủ Đức,1,2017,0,1
Thủ Đức,2,2017,35,1
Thủ Đức,3,2017,36,1
Thủ Đức,4,2017,41,1
Thủ Đức,5,2017,31,1
Thủ Đức,6,2017,32,1
Thủ Đức,7,2017,32,1
Thủ Đức,8,2017,32,1
Thủ Đức,9,2017,32,1
Thủ Đức,10,2017,32,1
Thủ Đức,11,2017,32,1
Thủ Đức,12,2017,32,1
Thủ Đức,1,2018,32,1
Thủ Đức,2,2018,31,1
Thủ Đức,3,2018,34,1
Thủ Đức,4,2018,36,1
Thủ Đức,5,2018,36,1
Thủ Đức,6,2018,36,1
Thủ Đức,7,2018,38,1
Thủ Đức,8,2018,39,1
Thủ Đức,9,2018,39,1
Thủ Đức,10,2018,42,1
Thủ Đức,11,2018,44,1
Thủ Đức,12,2018,46,1
Thủ Đức,1,2019,46,1
Thủ Đức,2,2019,47,1
Thủ Đức,3,2019,50,1
Thủ Đức,4,2019,51,1
Thủ Đức,5,2019,53,1
Thủ Đức,6,2019,55,1
Thủ Đức,7,2019,56,1
Thủ Đức,8,2019,56,1
Thủ Đức,9,2019,56,1
Thủ Đức,10,2019,57,1
Thủ Đức,11,2019,58,1
Thủ Đức,12,2019,58,1
Thủ Đức,1,2020,60,1
Thủ Đức,2,2020,61,1
Thủ Đức,3,2020,62,1
Thủ Đức,4,2020,63,1
Thủ Đức,5,2020,65,1
Thủ Đức,6,2020,66,1
Thủ Đức,7,2020,64,1
Thủ Đức,8,2020,63,1
Thủ Đức,9,2020,63,1
Thủ Đức,10,2020,63,1
Thủ Đức,11,2020,64,1
Thủ Đức,12,2020,65,1
Thủ Đức,1,2021,66,1
Thủ Đức,2,2021,67,1
Thủ Đức,3,2021,68,1
Thủ Đức,4,2021,69,1
Thủ Đức,5,2021,70,1
Thủ Đức,6,2021,70,1
Thủ Đức,7,2021,70,1
Thủ Đức,8,2021,71,1
Thủ Đức,9,2021,73,1
Thủ Đức,10,2021,75,1
Thủ Đức,11,2021,75,1
Thủ Đức,12,2021,75,1
Thủ Đức,1,2022,75,1
Thủ Đức,2,2022,75,1
Thủ Đức,3,2022,76,1
Thủ Đức,4,2022,77,1
Thủ Đức,5,2022,75,1
Hóc Môn,1,2017,0,1
Hóc Môn,2,2017,0,1
Hóc Môn,3,2017,9,1
Hóc Môn,4,2017,8,1
Hóc Môn,5,2017,18,1
Hóc Môn,6,2017,20,1
Hóc Môn,7,2017,20,1
Hóc Môn,8,2017,23,1
Hóc Môn,9,2017,23,1
Hóc Môn,10,2017,23,1
Hóc Môn,11,2017,23,1
Hóc Môn,12,2017,24,1
Hóc Môn,1,2018,21,1
Hóc Môn,2,2018,23,1
Hóc Môn,3,2018,21,1
Hóc Môn,4,2018,24,1
Hóc Môn,5,2018,24,1
Hóc Môn,6,2018,25,1
Hóc Môn,7,2018,26,1
Hóc Môn,8,2018,26,1
Hóc Môn,9,2018,27,1
Hóc Môn,10,2018,27,1
Hóc Môn,11,2018,29,1
Hóc Môn,12,2018,30,1
Hóc Môn,1,2019,31,1
Hóc Môn,2,2019,32,1
Hóc Môn,3,2019,32,1
Hóc Môn,4,2019,33,1
Hóc Môn,5,2019,32,1
Hóc Môn,6,2019,33,1
Hóc Môn,7,2019,34,1
Hóc Môn,8,2019,37,1
Hóc Môn,9,2019,37,1
Hóc Môn,10,2019,37,1
Hóc Môn,11,2019,38,1
Hóc Môn,12,2019,39,1
Hóc Môn,1,2020,39,1
Hóc Môn,2,2020,38,1
Hóc Môn,3,2020,38,1
Hóc Môn,4,2020,38,1
Hóc Môn,5,2020,38,1
Hóc Môn,6,2020,38,1
Hóc Môn,7,2020,38,1
Hóc Môn,8,2020,38,1
Hóc Môn,9,2020,39,1
Hóc Môn,10,2020,39,1
Hóc Môn,11,2020,39,1
Hóc Môn,12,2020,39,1
Hóc Môn,1,2021,39,1
Hóc Môn,2,2021,40,1
Hóc Môn,3,2021,40,1
Hóc Môn,4,2021,40,1
Hóc Môn,5,2021,42,1
Hóc Môn,6,2021,42,1
Hóc Môn,7,2021,42,1
Hóc Môn,8,2021,42,1
Hóc Môn,9,2021,43,1
Hóc Môn,10,2021,43,1
Hóc Môn,11,2021,44,1
Hóc Môn,12,2021,43,1
Hóc Môn,1,2022,43,1
Hóc Môn,2,2022,43,1
Hóc Môn,3,2022,44,1
Hóc Môn,4,2022,44,1
Hóc Môn,5,2022,44,1
Bình Chánh,1,2017,16,1
Bình Chánh,2,2017,16,1
Bình Chánh,3,2017,16,1
Bình Chánh,4,2017,20,1
Bình Chánh,5,2017,14,1
Bình Chánh,6,2017,13,1
Bình Chánh,7,2017,12,1
Bình Chánh,8,2017,12,1
Bình Chánh,9,2017,12,1
Bình Chánh,10,2017,12,1
Bình Chánh,11,2017,12,1
Bình Chánh,12,2017,14,1
Bình Chánh,1,2018,16,1
Bình Chánh,2,2018,16,1
Bình Chánh,3,2018,27,1
Bình Chánh,4,2018,28,1
Bình Chánh,5,2018,26,1
Bình Chánh,6,2018,28,1
Bình Chánh,7,2018,26,1
Bình Chánh,8,2018,28,1
Bình Chánh,9,2018,28,1
Bình Chánh,10,2018,25,1
Bình Chánh,11,2018,27,1
Bình Chánh,12,2018,27,1
Bình Chánh,1,2019,29,1
Bình Chánh,2,2019,30,1
Bình Chánh,3,2019,18,1
Bình Chánh,4,2019,26,1
Bình Chánh,5,2019,23,1
Bình Chánh,6,2019,27,1
Bình Chánh,7,2019,25,1
Bình Chánh,8,2019,26,1
Bình Chánh,9,2019,28,1
Bình Chánh,10,2019,30,1
Bình Chánh,11,2019,35,1
Bình Chánh,12,2019,35,1
Bình Chánh,1,2020,36,1
Bình Chánh,2,2020,37,1
Bình Chánh,3,2020,36,1
Bình Chánh,4,2020,38,1
Bình Chánh,5,2020,37,1
Bình Chánh,6,2020,38,1
Bình Chánh,7,2020,38,1
Bình Chánh,8,2020,37,1
Bình Chánh,9,2020,39,1
Bình Chánh,10,2020,38,1
Bình Chánh,11,2020,39,1
Bình Chánh,12,2020,38,1
Bình Chánh,1,2021,37,1
Bình Chánh,2,2021,38,1
Bình Chánh,3,2021,38,1
Bình Chánh,4,2021,38,1
Bình Chánh,5,2021,38,1
Bình Chánh,6,2021,36,1
Bình Chánh,7,2021,36,1
Bình Chánh,8,2021,36,1
Bình Chánh,9,2021,35,1
Bình Chánh,10,2021,33,1
Bình Chánh,11,2021,36,1
Bình Chánh,12,2021,37,1
Bình Chánh,1,2022,36,1
Bình Chánh,2,2022,38,1
Bình Chánh,3,2022,38,1
Bình Chánh,4,2022,40,1
Bình Chánh,5,2022,42,1
Nhà Bè,1,2017,0,1
Nhà Bè,2,2017,0,1
Nhà Bè,3,2017,37,1
Nhà Bè,4,2017,37,1
Nhà Bè,5,2017,21,1
Nhà Bè,6,2017,35,1
Nhà Bè,7,2017,35,1
Nhà Bè,8,2017,35,1
Nhà Bè,9,2017,34,1
Nhà Bè,10,2017,34,1
Nhà Bè,11,2017,34,1
Nhà Bè,12,2017,30,1
Nhà Bè,1,2018,32,1
Nhà Bè,2,2018,32,1
Nhà Bè,3,2018,32,1
Nhà Bè,4,2018,35,1
Nhà Bè,5,2018,35,1
Nhà Bè,6,2018,35,1
Nhà Bè,7,2018,39,1
Nhà Bè,8,2018,39,1
Nhà Bè,9,2018,41,1
Nhà Bè,10,2018,40,1
Nhà Bè,11,2018,44,1
Nhà Bè,12,2018,43,1
Nhà Bè,1,2019,41,1
Nhà Bè,2,2019,41,1
Nhà Bè,3,2019,41,1
Nhà Bè,4,2019,42,1
Nhà Bè,5,2019,44,1
Nhà Bè,6,2019,47,1
Nhà Bè,7,2019,51,1
Nhà Bè,8,2019,52,1
Nhà Bè,9,2019,53,1
Nhà Bè,10,2019,54,1
Nhà Bè,11,2019,52,1
Nhà Bè,12,2019,53,1
Nhà Bè,1,2020,53,1
Nhà Bè,2,2020,52,1
Nhà Bè,3,2020,52,1
Nhà Bè,4,2020,54,1
Nhà Bè,5,2020,53,1
Nhà Bè,6,2020,52,1
Nhà Bè,7,2020,52,1
Nhà Bè,8,2020,171,1
Nhà Bè,9,2020,54,1
Nhà Bè,10,2020,53,1
Nhà Bè,11,2020,54,1
Nhà Bè,12,2020,55,1
Nhà Bè,1,2021,55,1
Nhà Bè,2,2021,55,1
Nhà Bè,3,2021,55,1
Nhà Bè,4,2021,56,1
Nhà Bè,5,2021,56,1
Nhà Bè,6,2021,57,1
Nhà Bè,7,2021,57,1
Nhà Bè,8,2021,57,1
Nhà Bè,9,2021,57,1
Nhà Bè,10,2021,57,1
Nhà Bè,11,2021,57,1
Nhà Bè,12,2021,57,1
Nhà Bè,1,2022,57,1
Nhà Bè,2,2022,58,1
Nhà Bè,3,2022,58,1
Nhà Bè,4,2022,57,1
Nhà Bè,5,2022,58,1
1,1,2017,320,0
1,2,2017,320,0
1,3,2017,300,0
1,4,2017,300,0
1,5,2017,392,0
1,6,2017,392,0
1,7,2017,318,0
1,8,2017,277,0
1,9,2017,277,0
1,10,2017,277,0
1,11,2017,277,0
1,12,2017,215,0
1,1,2018,195,0
1,2,2018,197,0
1,3,2018,236,0
1,4,2018,199,0
1,5,2018,198,0
1,6,2018,227,0
1,7,2018,227,0
1,8,2018,227,0
1,9,2018,265,0
1,10,2018,311,0
1,11,2018,668,0
1,12,2018,602,0
1,1,2019,602,0
1,2,2019,559,0
1,3,2019,462,0
1,4,2019,435,0
1,5,2019,359,0
1,6,2019,413,0
1,7,2019,417,0
1,8,2019,394,0
1,9,2019,411,0
1,10,2019,380,0
1,11,2019,357,0
1,12,2019,326,0
1,1,2020,311,0
1,2,2020,492,0
1,3,2020,455,0
1,4,2020,456,0
1,5,2020,499,0
1,6,2020,492,0
1,7,2020,488,0
1,8,2020,480,0
1,9,2020,478,0
1,10,2020,488,0
1,11,2020,476,0
1,12,2020,465,0
1,1,2021,469,0
1,2,2021,462,0
1,3,2021,470,0
1,4,2021,484,0
1,5,2021,503,0
1,6,2021,484,0
1,7,2021,504,0
1,8,2021,469,0
1,9,2021,476,0
1,10,2021,488,0
1,11,2021,504,0
1,12,2021,504,0
1,1,2022,494,0
1,2,2022,512,0
1,3,2022,557,0
1,4,2022,579,0
1,5,2022,425,0
2,1,2017,0,0
2,2,2017,0,0
2,3,2017,42,0
2,4,2017,42,0
2,5,2017,96,0
2,6,2017,60,0
2,7,2017,63,0
2,8,2017,61,0
2,9,2017,59,0
2,10,2017,59,0
2,11,2017,54,0
2,12,2017,56,0
2,1,2018,44,0
2,2,2018,44,0
2,3,2018,45,0
2,4,2018,40,0
2,5,2018,69,0
2,6,2018,79,0
2,7,2018,81,0
2,8,2018,84,0
2,9,2018,81,0
2,10,2018,64,0
2,11,2018,79,0
2,12,2018,65,0
2,1,2019,81,0
2,2,2019,92,0
2,3,2019,93,0
2,4,2019,91,0
2,5,2019,95,0
2,6,2019,105,0
2,7,2019,105,0
2,8,2019,109,0
2,9,2019,112,0
2,10,2019,119,0
2,11,2019,127,0
2,12,2019,125,0
2,1,2020,123,0
2,2,2020,114,0
2,3,2020,114,0
2,4,2020,112,0
2,5,2020,106,0
2,6,2020,102,0
2,7,2020,108,0
2,8,2020,109,0
2,9,2020,108,0
2,10,2020,112,0
2,11,2020,114,0
2,12,2020,115,0
2,1,2021,118,0
2,2,2021,118,0
2,3,2021,119,0
2,4,2021,123,0
2,5,2021,125,0
2,6,2021,128,0
2,7,2021,114,0
2,8,2021,115,0
2,9,2021,719,0
2,10,2021,123,0
2,11,2021,131,0
2,12,2021,134,0
2,1,2022,133,0
2,2,2022,134,0
2,3,2022,130,0
2,4,2022,134,0
2,5,2022,134,0
3,1,2017,0,0
3,2,2017,0,0
3,3,2017,0,0
3,4,2017,0,0
3,5,2017,237,0
3,6,2017,228,0
3,7,2017,246,0
3,8,2017,246,0
3,9,2017,246,0
3,10,2017,246,0
3,11,2017,246,0
3,12,2017,281,0
3,1,2018,265,0
3,2,2018,265,0
3,3,2018,265,0
3,4,2018,265,0
3,5,2018,265,0
3,6,2018,297,0
3,7,2018,300,0
3,8,2018,300,0
3,9,2018,270,0
3,10,2018,270,0
3,11,2018,254,0
3,12,2018,245,0
3,1,2019,251,0
3,2,2019,252,0
3,3,2019,258,0
3,4,2019,290,0
3,5,2019,309,0
3,6,2019,310,0
3,7,2019,316,0
3,8,2019,336,0
3,9,2019,338,0
3,10,2019,333,0
3,11,2019,351,0
3,12,2019,349,0
3,1,2020,356,0
3,2,2020,348,0
3,3,2020,372,0
3,4,2020,400,0
3,5,2020,390,0
3,6,2020,384,0
3,7,2020,382,0
3,8,2020,395,0
3,9,2020,397,0
3,10,2020,386,0
3,11,2020,296,0
3,12,2020,381,0
3,1,2021,394,0
3,2,2021,394,0
3,3,2021,392,0
3,4,2021,391,0
3,5,2021,389,0
3,6,2021,395,0
3,7,2021,398,0
3,8,2021,391,0
3,9,2021,390,0
3,10,2021,385,0
3,11,2021,378,0
3,12,2021,387,0
3,1,2022,391,0
3,2,2022,398,0
3,3,2022,400,0
3,4,2022,387,0
3,5,2022,322,0
4,1,2017,174,0
4,2,2017,174,0
4,3,2017,118,0
4,4,2017,104,0
4,5,2017,118,0
4,6,2017,94,0
4,7,2017,124,0
4,8,2017,124,0
4,9,2017,124,0
4,10,2017,124,0
4,11,2017,126,0
4,12,2017,148,0
4,1,2018,70,0
4,2,2018,70,0
4,3,2018,70,0
4,4,2018,98,0
4,5,2018,96,0
4,6,2018,107,0
4,7,2018,114,0
4,8,2018,130,0
4,9,2018,133,0
4,10,2018,136,0
4,11,2018,138,0
4,12,2018,140,0
4,1,2019,119,0
4,2,2019,111,0
4,3,2019,149,0
4,4,2019,158,0
4,5,2019,173,0
4,6,2019,189,0
4,7,2019,208,0
4,8,2019,202,0
4,9,2019,207,0
4,10,2019,207,0
4,11,2019,203,0
4,12,2019,193,0
4,1,2020,189,0
4,2,2020,195,0
4,3,2020,186,0
4,4,2020,190,0
4,5,2020,191,0
4,6,2020,210,0
4,7,2020,113,0
4,8,2020,205,0
4,9,2020,207,0
4,10,2020,207,0
4,11,2020,212,0
4,12,2020,214,0
4,1,2021,212,0
4,2,2021,220,0
4,3,2021,214,0
4,4,2021,215,0
4,5,2021,220,0
4,6,2021,208,0
4,7,2021,198,0
4,8,2021,204,0
4,9,2021,205,0
4,10,2021,205,0
4,11,2021,206,0
4,12,2021,208,0
4,1,2022,211,0
4,2,2022,214,0
4,3,2022,210,0
4,4,2022,219,0
4,5,2022,217,0
5,1,2017,0,0
5,2,2017,102,0
5,3,2017,102,0
5,4,2017,102,0
5,5,2017,203,0
5,6,2017,203,0
5,7,2017,182,0
5,8,2017,182,0
5,9,2017,182,0
5,10,2017,181,0
5,11,2017,181,0
5,12,2017,168,0
5,1,2018,148,0
5,2,2018,148,0
5,3,2018,148,0
5,4,2018,159,0
5,5,2018,157,0
5,6,2018,176,0
5,7,2018,200,0
5,8,2018,211,0
5,9,2018,211,0
5,10,2018,213,0
5,11,2018,249,0
5,12,2018,243,0
5,1,2019,255,0
5,2,2019,252,0
5,3,2019,242,0
5,4,2019,244,0
5,5,2019,224,0
5,6,2019,227,0
5,7,2019,223,0
5,8,2019,202,0
5,9,2019,201,0
5,10,2019,255,0
5,11,2019,254,0
5,12,2019,341,0
5,1,2020,324,0
5,2,2020,277,0
5,3,2020,267,0
5,4,2020,285,0
5,5,2020,313,0
5,6,2020,302,0
5,7,2020,325,0
5,8,2020,338,0
5,9,2020,335,0
5,10,2020,334,0
5,11,2020,336,0
5,12,2020,333,0
5,1,2021,350,0
5,2,2021,348,0
5,3,2021,349,0
5,4,2021,355,0
5,5,2021,365,0
5,6,2021,371,0
5,7,2021,368,0
5,8,2021,371,0
5,9,2021,364,0
5,10,2021,361,0
5,11,2021,358,0
5,12,2021,354,0
5,1,2022,353,0
5,2,2022,352,0
5,3,2022,261,0
5,4,2022,351,0
5,5,2022,327,0
6,1,2017,0,0
6,2,2017,0,0
6,3,2017,159,0
6,4,2017,159,0
6,5,2017,81,0
6,6,2017,81,0
6,7,2017,73,0
6,8,2017,78,0
6,9,2017,78,0
6,10,2017,78,0
6,11,2017,78,0
6,12,2017,91,0
6,1,2018,102,0
6,2,2018,103,0
6,3,2018,111,0
6,4,2018,113,0
6,5,2018,118,0
6,6,2018,112,0
6,7,2018,113,0
6,8,2018,116,0
6,9,2018,113,0
6,10,2018,111,0
6,11,2018,114,0
6,12,2018,119,0
6,1,2019,119,0
6,2,2019,119,0
6,3,2019,117,0
6,4,2019,117,0
6,5,2019,115,0
6,6,2019,113,0
6,7,2019,116,0
6,8,2019,110,0
6,9,2019,111,0
6,10,2019,112,0
6,11,2019,117,0
6,12,2019,137,0
6,1,2020,153,0
6,2,2020,149,0
6,3,2020,150,0
6,4,2020,155,0
6,5,2020,160,0
6,6,2020,167,0
6,7,2020,165,0
6,8,2020,164,0
6,9,2020,162,0
6,10,2020,160,0
6,11,2020,161,0
6,12,2020,160,0
6,1,2021,162,0
6,2,2021,162,0
6,3,2021,163,0
6,4,2021,167,0
6,5,2021,167,0
6,6,2021,167,0
6,7,2021,167,0
6,8,2021,169,0
6,9,2021,172,0
6,10,2021,172,0
6,11,2021,177,0
6,12,2021,178,0
6,1,2022,176,0
6,2,2022,177,0
6,3,2022,175,0
6,4,2022,174,0
6,5,2022,171,0
7,1,2017,69,0
7,2,2017,69,0
7,3,2017,78,0
7,4,2017,60,0
7,5,2017,61,0
7,6,2017,63,0
7,7,2017,69,0
7,8,2017,69,0
7,9,2017,67,0
7,10,2017,67,0
7,11,2017,68,0
7,12,2017,73,0
7,1,2018,79,0
7,2,2018,79,0
7,3,2018,63,0
7,4,2018,61,0
7,5,2018,62,0
7,6,2018,82,0
7,7,2018,81,0
7,8,2018,81,0
7,9,2018,80,0
7,10,2018,81,0
7,11,2018,94,0
7,12,2018,93,0
7,1,2019,111,0
7,2,2019,109,0
7,3,2019,108,0
7,4,2019,111,0
7,5,2019,117,0
7,6,2019,117,0
7,7,2019,115,0
7,8,2019,125,0
7,9,2019,129,0
7,10,2019,129,0
7,11,2019,134,0
7,12,2019,141,0
7,1,2020,146,0
7,2,2020,139,0
7,3,2020,140,0
7,4,2020,141,0
7,5,2020,136,0
7,6,2020,138,0
7,7,2020,142,0
7,8,2020,142,0
7,9,2020,142,0
7,10,2020,142,0
7,11,2020,143,0
7,12,2020,146,0
7,1,2021,147,0
7,2,2021,144,0
7,3,2021,145,0
7,4,2021,148,0
7,5,2021,161,0
7,6,2021,152,0
7,7,2021,154,0
7,8,2021,154,0
7,9,2021,156,0
7,10,2021,156,0
7,11,2021,154,0
7,12,2021,156,0
7,1,2022,156,0
7,2,2022,159,0
7,3,2022,156,0
7,4,2022,151,0
7,5,2022,150,0
8,1,2017,65,0
8,2,2017,65,0
8,3,2017,91,0
8,4,2017,86,0
8,5,2017,84,0
8,6,2017,73,0
8,7,2017,78,0
8,8,2017,71,0
8,9,2017,73,0
8,10,2017,74,0
8,11,2017,72,0
8,12,2017,74,0
8,1,2018,68,0
8,2,2018,74,0
8,3,2018,74,0
8,4,2018,72,0
8,5,2018,68,0
8,6,2018,68,0
8,7,2018,68,0
8,8,2018,73,0
8,9,2018,80,0
8,10,2018,83,0
8,11,2018,87,0
8,12,2018,89,0
8,1,2019,94,0
8,2,2019,98,0
8,3,2019,98,0
8,4,2019,96,0
8,5,2019,114,0
8,6,2019,110,0
8,7,2019,110,0
8,8,2019,107,0
8,9,2019,116,0
8,10,2019,119,0
8,11,2019,116,0
8,12,2019,114,0
8,1,2020,113,0
8,2,2020,123,0
8,3,2020,119,0
8,4,2020,118,0
8,5,2020,116,0
8,6,2020,118,0
8,7,2020,117,0
8,8,2020,116,0
8,9,2020,114,0
8,10,2020,113,0
8,11,2020,114,0
8,12,2020,116,0
8,1,2021,116,0
8,2,2021,113,0
8,3,2021,116,0
8,4,2021,117,0
8,5,2021,123,0
8,6,2021,128,0
8,7,2021,128,0
8,8,2021,125,0
8,9,2021,158,0
8,10,2021,130,0
8,11,2021,128,0
8,12,2021,127,0
8,1,2022,132,0
8,2,2022,128,0
8,3,2022,129,0
8,4,2022,127,0
8,5,2022,123,0
9,1,2017,0,0
9,2,2017,0,0
9,3,2017,0,0
9,4,2017,0,0
9,5,2017,80,0
9,6,2017,58,0
9,7,2017,58,0
9,8,2017,54,0
9,9,2017,54,0
9,10,2017,54,0
9,11,2017,54,0
9,12,2017,49,0
9,1,2018,43,0
9,2,2018,49,0
9,3,2018,37,0
9,4,2018,40,0
9,5,2018,58,0
9,6,2018,58,0
9,7,2018,37,0
9,8,2018,37,0
9,9,2018,44,0
9,10,2018,43,0
9,11,2018,46,0
9,12,2018,44,0
9,1,2019,55,0
9,2,2019,61,0
9,3,2019,67,0
9,4,2019,68,0
9,5,2019,71,0
9,6,2019,78,0
9,7,2019,77,0
9,8,2019,78,0
9,9,2019,75,0
9,10,2019,78,0
9,11,2019,77,0
9,12,2019,78,0
9,1,2020,81,0
9,2,2020,77,0
9,3,2020,79,0
9,4,2020,78,0
9,5,2020,78,0
9,6,2020,76,0
9,7,2020,76,0
9,8,2020,80,0
9,9,2020,79,0
9,10,2020,79,0
9,11,2020,80,0
9,12,2020,82,0
9,1,2021,84,0
9,2,2021,85,0
9,3,2021,87,0
9,4,2021,90,0
9,5,2021,93,0
9,6,2021,92,0
9,7,2021,94,0
9,8,2021,96,0
9,9,2021,101,0
9,10,2021,104,0
9,11,2021,105,0
9,12,2021,106,0
9,1,2022,104,0
9,2,2022,108,0
9,3,2022,107,0
9,4,2022,111,0
9,5,2022,111,0
10,1,2017,0,0
10,2,2017,197,0
10,3,2017,197,0
10,4,2017,176,0
10,5,2017,109,0
10,6,2017,226,0
10,7,2017,203,0
10,8,2017,203,0
10,9,2017,203,0
10,10,2017,203,0
10,11,2017,222,0
10,12,2017,180,0
10,1,2018,73,0
10,2,2018,73,0
10,3,2018,219,0
10,4,2018,212,0
10,5,2018,235,0
10,6,2018,251,0
10,7,2018,260,0
10,8,2018,260,0
10,9,2018,256,0
10,10,2018,267,0
10,11,2018,268,0
10,12,2018,244,0
10,1,2019,245,0
10,2,2019,255,0
10,3,2019,254,0
10,4,2019,259,0
10,5,2019,290,0
10,6,2019,299,0
10,7,2019,306,0
10,8,2019,330,0
10,9,2019,323,0
10,10,2019,319,0
10,11,2019,291,0
10,12,2019,299,0
10,1,2020,303,0
10,2,2020,327,0
10,3,2020,331,0
10,4,2020,344,0
10,5,2020,343,0
10,6,2020,345,0
10,7,2020,351,0
10,8,2020,352,0
10,9,2020,448,0
10,10,2020,347,0
10,11,2020,340,0
10,12,2020,345,0
10,1,2021,347,0
10,2,2021,347,0
10,3,2021,348,0
10,4,2021,360,0
10,5,2021,354,0
10,6,2021,359,0
10,7,2021,360,0
10,8,2021,365,0
10,9,2021,370,0
10,10,2021,376,0
10,11,2021,379,0
10,12,2021,381,0
10,1,2022,384,0
10,2,2022,378,0
10,3,2022,381,0
10,4,2022,380,0
10,5,2022,382,0
11,1,2017,0,0
11,2,2017,0,0
11,3,2017,0,0
11,4,2017,0,0
11,5,2017,131,0
11,6,2017,140,0
11,7,2017,131,0
11,8,2017,120,0
11,9,2017,120,0
11,10,2017,120,0
11,11,2017,120,0
11,12,2017,106,0
11,1,2018,113,0
11,2,2018,113,0
11,3,2018,113,0
11,4,2018,127,0
11,5,2018,130,0
11,6,2018,148,0
11,7,2018,145,0
11,8,2018,151,0
11,9,2018,152,0
11,10,2018,152,0
11,11,2018,159,0
11,12,2018,165,0
11,1,2019,172,0
11,2,2019,201,0
11,3,2019,206,0
11,4,2019,215,0
11,5,2019,273,0
11,6,2019,282,0
11,7,2019,277,0
11,8,2019,245,0
11,9,2019,230,0
11,10,2019,237,0
11,11,2019,199,0
11,12,2019,205,0
11,1,2020,204,0
11,2,2020,201,0
11,3,2020,203,0
11,4,2020,209,0
11,5,2020,204,0
11,6,2020,230,0
11,7,2020,218,0
11,8,2020,225,0
11,9,2020,228,0
11,10,2020,231,0
11,11,2020,229,0
11,12,2020,229,0
11,1,2021,232,0
11,2,2021,227,0
11,3,2021,231,0
11,4,2021,232,0
11,5,2021,232,0
11,6,2021,238,0
11,7,2021,235,0
11,8,2021,238,0
11,9,2021,238,0
11,10,2021,243,0
11,11,2021,243,0
11,12,2021,242,0
11,1,2022,243,0
11,2,2022,244,0
11,3,2022,237,0
11,4,2022,240,0
11,5,2022,233,0
12,1,2017,29,0
12,2,2017,29,0
12,3,2017,39,0
12,4,2017,41,0
12,5,2017,36,0
12,6,2017,41,0
12,7,2017,43,0
12,8,2017,43,0
12,9,2017,43,0
12,10,2017,42,0
12,11,2017,43,0
12,12,2017,42,0
12,1,2018,34,0
12,2,2018,25,0
12,3,2018,26,0
12,4,2018,22,0
12,5,2018,23,0
12,6,2018,35,0
12,7,2018,36,0
12,8,2018,42,0
12,9,2018,44,0
12,10,2018,47,0
12,11,2018,52,0
12,12,2018,53,0
12,1,2019,59,0
12,2,2019,61,0
12,3,2019,59,0
12,4,2019,64,0
12,5,2019,62,0
12,6,2019,64,0
12,7,2019,67,0
12,8,2019,69,0
12,9,2019,72,0
12,10,2019,72,0
12,11,2019,79,0
12,12,2019,80,0
12,1,2020,79,0
12,2,2020,78,0
12,3,2020,82,0
12,4,2020,79,0
12,5,2020,74,0
12,6,2020,72,0
12,7,2020,73,0
12,8,2020,75,0
12,9,2020,75,0
12,10,2020,74,0
12,11,2020,74,0
12,12,2020,76,0
12,1,2021,75,0
12,2,2021,74,0
12,3,2021,74,0
12,4,2021,75,0
12,5,2021,78,0
12,6,2021,78,0
12,7,2021,78,0
12,8,2021,78,0
12,9,2021,78,0
12,10,2021,79,0
12,11,2021,80,0
12,12,2021,81,0
12,1,2022,82,0
12,2,2022,81,0
12,3,2022,78,0
12,4,2022,78,0
12,5,2022,79,0
Bình Tân,1,2017,0,0
Bình Tân,2,2017,39,0
Bình Tân,3,2017,61,0
Bình Tân,4,2017,59,0
Bình Tân,5,2017,59,0
Bình Tân,6,2017,54,0
Bình Tân,7,2017,54,0
Bình Tân,8,2017,54,0
Bình Tân,9,2017,54,0
Bình Tân,10,2017,54,0
Bình Tân,11,2017,54,0
Bình Tân,12,2017,54,0
Bình Tân,1,2018,49,0
Bình Tân,2,2018,49,0
Bình Tân,3,2018,45,0
Bình Tân,4,2018,45,0
Bình Tân,5,2018,53,0
Bình Tân,6,2018,55,0
Bình Tân,7,2018,56,0
Bình Tân,8,2018,58,0
Bình Tân,9,2018,58,0
Bình Tân,10,2018,60,0
Bình Tân,11,2018,63,0
Bình Tân,12,2018,63,0
Bình Tân,1,2019,67,0
Bình Tân,2,2019,75,0
Bình Tân,3,2019,76,0
Bình Tân,4,2019,79,0
Bình Tân,5,2019,79,0
Bình Tân,6,2019,82,0
Bình Tân,7,2019,211,0
Bình Tân,8,2019,208,0
Bình Tân,9,2019,219,0
Bình Tân,10,2019,201,0
Bình Tân,11,2019,188,0
Bình Tân,12,2019,167,0
Bình Tân,1,2020,106,0
Bình Tân,2,2020,102,0
Bình Tân,3,2020,95,0
Bình Tân,4,2020,98,0
Bình Tân,5,2020,100,0
Bình Tân,6,2020,103,0
Bình Tân,7,2020,102,0
Bình Tân,8,2020,102,0
Bình Tân,9,2020,102,0
Bình Tân,10,2020,102,0
Bình Tân,11,2020,102,0
Bình Tân,12,2020,101,0
Bình Tân,1,2021,101,0
Bình Tân,2,2021,101,0
Bình Tân,3,2021,101,0
Bình Tân,4,2021,101,0
Bình Tân,5,2021,102,0
Bình Tân,6,2021,104,0
Bình Tân,7,2021,105,0
Bình Tân,8,2021,103,0
Bình Tân,9,2021,104,0
Bình Tân,10,2021,106,0
Bình Tân,11,2021,107,0
Bình Tân,12,2021,107,0
Bình Tân,1,2022,106,0
Bình Tân,2,2022,107,0
Bình Tân,3,2022,107,0
Bình Tân,4,2022,108,0
Bình Tân,5,2022,107,0
Bình Thạnh,1,2017,72,0
Bình Thạnh,2,2017,72,0
Bình Thạnh,3,2017,78,0
Bình Thạnh,4,2017,92,0
Bình Thạnh,5,2017,115,0
Bình Thạnh,6,2017,127,0
Bình Thạnh,7,2017,116,0
Bình Thạnh,8,2017,116,0
Bình Thạnh,9,2017,114,0
Bình Thạnh,10,2017,113,0
Bình Thạnh,11,2017,113,0
Bình Thạnh,12,2017,92,0
Bình Thạnh,1,2018,89,0
Bình Thạnh,2,2018,89,0
Bình Thạnh,3,2018,98,0
Bình Thạnh,4,2018,101,0
Bình Thạnh,5,2018,103,0
Bình Thạnh,6,2018,105,0
Bình Thạnh,7,2018,114,0
Bình Thạnh,8,2018,119,0
Bình Thạnh,9,2018,137,0
Bình Thạnh,10,2018,152,0
Bình Thạnh,11,2018,168,0
Bình Thạnh,12,2018,168,0
Bình Thạnh,1,2019,162,0
Bình Thạnh,2,2019,162,0
Bình Thạnh,3,2019,165,0
Bình Thạnh,4,2019,162,0
Bình Thạnh,5,2019,178,0
Bình Thạnh,6,2019,181,0
Bình Thạnh,7,2019,184,0
Bình Thạnh,8,2019,187,0
Bình Thạnh,9,2019,187,0
Bình Thạnh,10,2019,194,0
Bình Thạnh,11,2019,189,0
Bình Thạnh,12,2019,182,0
Bình Thạnh,1,2020,176,0
Bình Thạnh,2,2020,185,0
Bình Thạnh,3,2020,178,0
Bình Thạnh,4,2020,178,0
Bình Thạnh,5,2020,204,0
Bình Thạnh,6,2020,207,0
Bình Thạnh,7,2020,202,0
Bình Thạnh,8,2020,207,0
Bình Thạnh,9,2020,209,0
Bình Thạnh,10,2020,204,0
Bình Thạnh,11,2020,202,0
Bình Thạnh,12,2020,204,0
Bình Thạnh,1,2021,204,0
Bình Thạnh,2,2021,203,0
Bình Thạnh,3,2021,205,0
Bình Thạnh,4,2021,208,0
Bình Thạnh,5,2021,205,0
Bình Thạnh,6,2021,203,0
Bình Thạnh,7,2021,205,0
Bình Thạnh,8,2021,201,0
Bình Thạnh,9,2021,195,0
Bình Thạnh,10,2021,196,0
Bình Thạnh,11,2021,201,0
Bình Thạnh,12,2021,207,0
Bình Thạnh,1,2022,210,0
Bình Thạnh,2,2022,202,0
Bình Thạnh,3,2022,206,0
Bình Thạnh,4,2022,201,0
Bình Thạnh,5,2022,191,0
Gò Vấp,1,2017,43,0
Gò Vấp,2,2017,43,0
Gò Vấp,3,2017,81,0
Gò Vấp,4,2017,69,0
Gò Vấp,5,2017,59,0
Gò Vấp,6,2017,65,0
Gò Vấp,7,2017,69,0
Gò Vấp,8,2017,70,0
Gò Vấp,9,2017,70,0
Gò Vấp,10,2017,73,0
Gò Vấp,11,2017,78,0
Gò Vấp,12,2017,84,0
Gò Vấp,1,2018,74,0
Gò Vấp,2,2018,73,0
Gò Vấp,3,2018,69,0
Gò Vấp,4,2018,67,0
Gò Vấp,5,2018,74,0
Gò Vấp,6,2018,78,0
Gò Vấp,7,2018,88,0
Gò Vấp,8,2018,89,0
Gò Vấp,9,2018,94,0
Gò Vấp,10,2018,95,0
Gò Vấp,11,2018,94,0
Gò Vấp,12,2018,98,0
Gò Vấp,1,2019,107,0
Gò Vấp,2,2019,107,0
Gò Vấp,3,2019,115,0
Gò Vấp,4,2019,125,0
Gò Vấp,5,2019,124,0
Gò Vấp,6,2019,130,0
Gò Vấp,7,2019,127,0
Gò Vấp,8,2019,130,0
Gò Vấp,9,2019,135,0
Gò Vấp,10,2019,308,0
Gò Vấp,11,2019,302,0
Gò Vấp,12,2019,303,0
Gò Vấp,1,2020,337,0
Gò Vấp,2,2020,344,0
Gò Vấp,3,2020,300,0
Gò Vấp,4,2020,136,0
Gò Vấp,5,2020,137,0
Gò Vấp,6,2020,141,0
Gò Vấp,7,2020,142,0
Gò Vấp,8,2020,145,0
Gò Vấp,9,2020,145,0
Gò Vấp,10,2020,141,0
Gò Vấp,11,2020,142,0
Gò Vấp,12,2020,142,0
Gò Vấp,1,2021,142,0
Gò Vấp,2,2021,142,0
Gò Vấp,3,2021,143,0
Gò Vấp,4,2021,142,0
Gò Vấp,5,2021,144,0
Gò Vấp,6,2021,148,0
Gò Vấp,7,2021,146,0
Gò Vấp,8,2021,148,0
Gò Vấp,9,2021,146,0
Gò Vấp,10,2021,147,0
Gò Vấp,11,2021,153,0
Gò Vấp,12,2021,157,0
Gò Vấp,1,2022,153,0
Gò Vấp,2,2022,150,0
Gò Vấp,3,2022,145,0
Gò Vấp,4,2022,145,0
Gò Vấp,5,2022,141,0
Phú Nhuận,1,2017,104,0
Phú Nhuận,2,2017,104,0
Phú Nhuận,3,2017,117,0
Phú Nhuận,4,2017,124,0
Phú Nhuận,5,2017,148,0
Phú Nhuận,6,2017,146,0
Phú Nhuận,7,2017,142,0
Phú Nhuận,8,2017,142,0
Phú Nhuận,9,2017,142,0
Phú Nhuận,10,2017,142,0
Phú Nhuận,11,2017,142,0
Phú Nhuận,12,2017,110,0
Phú Nhuận,1,2018,107,0
Phú Nhuận,2,2018,98,0
Phú Nhuận,3,2018,111,0
Phú Nhuận,4,2018,109,0
Phú Nhuận,5,2018,148,0
Phú Nhuận,6,2018,152,0
Phú Nhuận,7,2018,151,0
Phú Nhuận,8,2018,168,0
Phú Nhuận,9,2018,177,0
Phú Nhuận,10,2018,173,0
Phú Nhuận,11,2018,169,0
Phú Nhuận,12,2018,177,0
Phú Nhuận,1,2019,190,0
Phú Nhuận,2,2019,182,0
Phú Nhuận,3,2019,189,0
Phú Nhuận,4,2019,205,0
Phú Nhuận,5,2019,194,0
Phú Nhuận,6,2019,209,0
Phú Nhuận,7,2019,207,0
Phú Nhuận,8,2019,206,0
Phú Nhuận,9,2019,222,0
Phú Nhuận,10,2019,231,0
Phú Nhuận,11,2019,292,0
Phú Nhuận,12,2019,292,0
Phú Nhuận,1,2020,298,0
Phú Nhuận,2,2020,273,0
Phú Nhuận,3,2020,270,0
Phú Nhuận,4,2020,266,0
Phú Nhuận,5,2020,226,0
Phú Nhuận,6,2020,233,0
Phú Nhuận,7,2020,247,0
Phú Nhuận,8,2020,249,0
Phú Nhuận,9,2020,254,0
Phú Nhuận,10,2020,257,0
Phú Nhuận,11,2020,259,0
Phú Nhuận,12,2020,269,0
Phú Nhuận,1,2021,262,0
Phú Nhuận,2,2021,258,0
Phú Nhuận,3,2021,255,0
Phú Nhuận,4,2021,263,0
Phú Nhuận,5,2021,261,0
Phú Nhuận,6,2021,261,0
Phú Nhuận,7,2021,261,0
Phú Nhuận,8,2021,264,0
Phú Nhuận,9,2021,272,0
Phú Nhuận,10,2021,273,0
Phú Nhuận,11,2021,273,0
Phú Nhuận,12,2021,273,0
Phú Nhuận,1,2022,277,0
Phú Nhuận,2,2022,271,0
Phú Nhuận,3,2022,274,0
Phú Nhuận,4,2022,257,0
Phú Nhuận,5,2022,247,0
Tân Bình,1,2017,0,0
Tân Bình,2,2017,95,0
Tân Bình,3,2017,95,0
Tân Bình,4,2017,102,0
Tân Bình,5,2017,106,0
Tân Bình,6,2017,107,0
Tân Bình,7,2017,116,0
Tân Bình,8,2017,116,0
Tân Bình,9,2017,116,0
Tân Bình,10,2017,116,0
Tân Bình,11,2017,113,0
Tân Bình,12,2017,115,0
Tân Bình,1,2018,101,0
Tân Bình,2,2018,101,0
Tân Bình,3,2018,105,0
Tân Bình,4,2018,105,0
Tân Bình,5,2018,105,0
Tân Bình,6,2018,114,0
Tân Bình,7,2018,111,0
Tân Bình,8,2018,114,0
Tân Bình,9,2018,120,0
Tân Bình,10,2018,128,0
Tân Bình,11,2018,137,0
Tân Bình,12,2018,143,0
Tân Bình,1,2019,162,0
Tân Bình,2,2019,159,0
Tân Bình,3,2019,163,0
Tân Bình,4,2019,164,0
Tân Bình,5,2019,163,0
Tân Bình,6,2019,156,0
Tân Bình,7,2019,152,0
Tân Bình,8,2019,186,0
Tân Bình,9,2019,192,0
Tân Bình,10,2019,197,0
Tân Bình,11,2019,207,0
Tân Bình,12,2019,227,0
Tân Bình,1,2020,241,0
Tân Bình,2,2020,213,0
Tân Bình,3,2020,472,0
Tân Bình,4,2020,396,0
Tân Bình,5,2020,316,0
Tân Bình,6,2020,248,0
Tân Bình,7,2020,231,0
Tân Bình,8,2020,233,0
Tân Bình,9,2020,197,0
Tân Bình,10,2020,198,0
Tân Bình,11,2020,198,0
Tân Bình,12,2020,195,0
Tân Bình,1,2021,195,0
Tân Bình,2,2021,195,0
Tân Bình,3,2021,197,0
Tân Bình,4,2021,198,0
Tân Bình,5,2021,196,0
Tân Bình,6,2021,196,0
Tân Bình,7,2021,196,0
Tân Bình,8,2021,196,0
Tân Bình,9,2021,187,0
Tân Bình,10,2021,188,0
Tân Bình,11,2021,190,0
Tân Bình,12,2021,193,0
Tân Bình,1,2022,193,0
Tân Bình,2,2022,190,0
Tân Bình,3,2022,189,0
Tân Bình,4,2022,192,0
Tân Bình,5,2022,194,0
Tân Phú,1,2017,0,0
Tân Phú,2,2017,65,0
Tân Phú,3,2017,66,0
Tân Phú,4,2017,66,0
Tân Phú,5,2017,71,0
Tân Phú,6,2017,86,0
Tân Phú,7,2017,82,0
Tân Phú,8,2017,82,0
Tân Phú,9,2017,82,0
Tân Phú,10,2017,82,0
Tân Phú,11,2017,85,0
Tân Phú,12,2017,77,0
Tân Phú,1,2018,76,0
Tân Phú,2,2018,73,0
Tân Phú,3,2018,77,0
Tân Phú,4,2018,74,0
Tân Phú,5,2018,76,0
Tân Phú,6,2018,81,0
Tân Phú,7,2018,84,0
Tân Phú,8,2018,86,0
Tân Phú,9,2018,88,0
Tân Phú,10,2018,95,0
Tân Phú,11,2018,99,0
Tân Phú,12,2018,100,0
Tân Phú,1,2019,100,0
Tân Phú,2,2019,100,0
Tân Phú,3,2019,101,0
Tân Phú,4,2019,118,0
Tân Phú,5,2019,119,0
Tân Phú,6,2019,121,0
Tân Phú,7,2019,126,0
Tân Phú,8,2019,127,0
Tân Phú,9,2019,137,0
Tân Phú,10,2019,137,0
Tân Phú,11,2019,138,0
Tân Phú,12,2019,137,0
Tân Phú,1,2020,140,0
Tân Phú,2,2020,138,0
Tân Phú,3,2020,220,0
Tân Phú,4,2020,102,0
Tân Phú,5,2020,199,0
Tân Phú,6,2020,189,0
Tân Phú,7,2020,183,0
Tân Phú,8,2020,181,0
Tân Phú,9,2020,140,0
Tân Phú,10,2020,140,0
Tân Phú,11,2020,140,0
Tân Phú,12,2020,140,0
Tân Phú,1,2021,140,0
Tân Phú,2,2021,140,0
Tân Phú,3,2021,141,0
Tân Phú,4,2021,141,0
Tân Phú,5,2021,140,0
Tân Phú,6,2021,142,0
Tân Phú,7,2021,145,0
Tân Phú,8,2021,145,0
Tân Phú,9,2021,147,0
Tân Phú,10,2021,149,0
Tân Phú,11,2021,152,0
Tân Phú,12,2021,152,0
Tân Phú,1,2022,148,0
Tân Phú,2,2022,149,0
Tân Phú,3,2022,143,0
Tân Phú,4,2022,144,0
Tân Phú,5,2022,142,0
Thủ Đức,1,2017,0,0
Thủ Đức,2,2017,0,0
Thủ Đức,3,2017,0,0
Thủ Đức,4,2017,0,0
Thủ Đức,5,2017,54,0
Thủ Đức,6,2017,54,0
Thủ Đức,7,2017,44,0
Thủ Đức,8,2017,44,0
Thủ Đức,9,2017,42,0
Thủ Đức,10,2017,42,0
Thủ Đức,11,2017,42,0
Thủ Đức,12,2017,41,0
Thủ Đức,1,2018,34,0
Thủ Đức,2,2018,30,0
Thủ Đức,3,2018,41,0
Thủ Đức,4,2018,41,0
Thủ Đức,5,2018,43,0
Thủ Đức,6,2018,42,0
Thủ Đức,7,2018,45,0
Thủ Đức,8,2018,49,0
Thủ Đức,9,2018,59,0
Thủ Đức,10,2018,60,0
Thủ Đức,11,2018,78,0
Thủ Đức,12,2018,79,0
Thủ Đức,1,2019,81,0
Thủ Đức,2,2019,87,0
Thủ Đức,3,2019,92,0
Thủ Đức,4,2019,91,0
Thủ Đức,5,2019,87,0
Thủ Đức,6,2019,85,0
Thủ Đức,7,2019,88,0
Thủ Đức,8,2019,87,0
Thủ Đức,9,2019,85,0
Thủ Đức,10,2019,88,0
Thủ Đức,11,2019,91,0
Thủ Đức,12,2019,93,0
Thủ Đức,1,2020,94,0
Thủ Đức,2,2020,94,0
Thủ Đức,3,2020,94,0
Thủ Đức,4,2020,93,0
Thủ Đức,5,2020,89,0
Thủ Đức,6,2020,90,0
Thủ Đức,7,2020,94,0
Thủ Đức,8,2020,94,0
Thủ Đức,9,2020,95,0
Thủ Đức,10,2020,96,0
Thủ Đức,11,2020,96,0
Thủ Đức,12,2020,97,0
Thủ Đức,1,2021,97,0
Thủ Đức,2,2021,98,0
Thủ Đức,3,2021,96,0
Thủ Đức,4,2021,97,0
Thủ Đức,5,2021,97,0
Thủ Đức,6,2021,97,0
Thủ Đức,7,2021,97,0
Thủ Đức,8,2021,98,0
Thủ Đức,9,2021,101,0
Thủ Đức,10,2021,106,0
Thủ Đức,11,2021,109,0
Thủ Đức,12,2021,116,0
Thủ Đức,1,2022,115,0
Thủ Đức,2,2022,115,0
Thủ Đức,3,2022,117,0
Thủ Đức,4,2022,118,0
Thủ Đức,5,2022,116,0
Hóc Môn,1,2017,0,0
Hóc Môn,2,2017,0,0
Hóc Môn,3,2017,0,0
Hóc Môn,4,2017,0,0
Hóc Môn,5,2017,13,0
Hóc Môn,6,2017,13,0
Hóc Môn,7,2017,13,0
Hóc Môn,8,2017,13,0
Hóc Môn,9,2017,13,0
Hóc Môn,10,2017,13,0
Hóc Môn,11,2017,53,0
Hóc Môn,12,2017,53,0
Hóc Môn,1,2018,53,0
Hóc Môn,2,2018,53,0
Hóc Môn,3,2018,37,0
Hóc Môn,4,2018,38,0
Hóc Môn,5,2018,37,0
Hóc Môn,6,2018,38,0
Hóc Môn,7,2018,39,0
Hóc Môn,8,2018,38,0
Hóc Môn,9,2018,42,0
Hóc Môn,10,2018,41,0
Hóc Môn,11,2018,41,0
Hóc Môn,12,2018,43,0
Hóc Môn,1,2019,45,0
Hóc Môn,2,2019,47,0
Hóc Môn,3,2019,46,0
Hóc Môn,4,2019,46,0
Hóc Môn,5,2019,44,0
Hóc Môn,6,2019,42,0
Hóc Môn,7,2019,42,0
Hóc Môn,8,2019,41,0
Hóc Môn,9,2019,42,0
Hóc Môn,10,2019,43,0
Hóc Môn,11,2019,45,0
Hóc Môn,12,2019,46,0
Hóc Môn,1,2020,49,0
Hóc Môn,2,2020,54,0
Hóc Môn,3,2020,54,0
Hóc Môn,4,2020,54,0
Hóc Môn,5,2020,52,0
Hóc Môn,6,2020,50,0
Hóc Môn,7,2020,50,0
Hóc Môn,8,2020,50,0
Hóc Môn,9,2020,51,0
Hóc Môn,10,2020,51,0
Hóc Môn,11,2020,51,0
Hóc Môn,12,2020,50,0
Hóc Môn,1,2021,51,0
Hóc Môn,2,2021,51,0
Hóc Môn,3,2021,52,0
Hóc Môn,4,2021,52,0
Hóc Môn,5,2021,52,0
Hóc Môn,6,2021,58,0
Hóc Môn,7,2021,58,0
Hóc Môn,8,2021,59,0
Hóc Môn,9,2021,61,0
Hóc Môn,10,2021,61,0
Hóc Môn,11,2021,62,0
Hóc Môn,12,2021,62,0
Hóc Môn,1,2022,60,0
Hóc Môn,2,2022,61,0
Hóc Môn,3,2022,61,0
Hóc Môn,4,2022,57,0
Hóc Môn,5,2022,54,0
Bình Chánh,1,2017,0,0
Bình Chánh,2,2017,0,0
Bình Chánh,3,2017,48,0
Bình Chánh,4,2017,48,0
Bình Chánh,5,2017,228,0
Bình Chánh,6,2017,92,0
Bình Chánh,7,2017,92,0
Bình Chánh,8,2017,92,0
Bình Chánh,9,2017,92,0
Bình Chánh,10,2017,80,0
Bình Chánh,11,2017,44,0
Bình Chánh,12,2017,33,0
Bình Chánh,1,2018,33,0
Bình Chánh,2,2018,33,0
Bình Chánh,3,2018,33,0
Bình Chánh,4,2018,33,0
Bình Chánh,5,2018,33,0
Bình Chánh,6,2018,7,0
Bình Chánh,7,2018,7,0
Bình Chánh,8,2018,7,0
Bình Chánh,9,2018,7,0
Bình Chánh,10,2018,20,0
Bình Chánh,11,2018,26,0
Bình Chánh,12,2018,26,0
Bình Chánh,1,2019,26,0
Bình Chánh,2,2019,26,0
Bình Chánh,3,2019,33,0
Bình Chánh,4,2019,48,0
Bình Chánh,5,2019,44,0
Bình Chánh,6,2019,45,0
Bình Chánh,7,2019,45,0
Bình Chánh,8,2019,47,0
Bình Chánh,9,2019,45,0
Bình Chánh,10,2019,48,0
Bình Chánh,11,2019,58,0
Bình Chánh,12,2019,56,0
Bình Chánh,1,2020,62,0
Bình Chánh,2,2020,62,0
Bình Chánh,3,2020,64,0
Bình Chánh,4,2020,66,0
Bình Chánh,5,2020,64,0
Bình Chánh,6,2020,66,0
Bình Chánh,7,2020,61,0
Bình Chánh,8,2020,64,0
Bình Chánh,9,2020,64,0
Bình Chánh,10,2020,63,0
Bình Chánh,11,2020,63,0
Bình Chánh,12,2020,63,0
Bình Chánh,1,2021,64,0
Bình Chánh,2,2021,59,0
Bình Chánh,3,2021,60,0
Bình Chánh,4,2021,60,0
Bình Chánh,5,2021,60,0
Bình Chánh,6,2021,60,0
Bình Chánh,7,2021,60,0
Bình Chánh,8,2021,61,0
Bình Chánh,9,2021,63,0
Bình Chánh,10,2021,67,0
Bình Chánh,11,2021,67,0
Bình Chánh,12,2021,73,0
Bình Chánh,1,2022,75,0
Bình Chánh,2,2022,77,0
Bình Chánh,3,2022,75,0
Bình Chánh,4,2022,79,0
Bình Chánh,5,2022,83,0
Nhà Bè,1,2017,0,0
Nhà Bè,2,2017,0,0
Nhà Bè,3,2017,0,0
Nhà Bè,4,2017,15,0
Nhà Bè,5,2017,15,0
Nhà Bè,6,2017,15,0
Nhà Bè,7,2017,15,0
Nhà Bè,8,2017,15,0
Nhà Bè,9,2017,15,0
Nhà Bè,10,2017,15,0
Nhà Bè,11,2017,15,0
Nhà Bè,12,2017,15,0
Nhà Bè,1,2018,15,0
Nhà Bè,2,2018,41,0
Nhà Bè,3,2018,41,0
Nhà Bè,4,2018,41,0
Nhà Bè,5,2018,39,0
Nhà Bè,6,2018,39,0
Nhà Bè,7,2018,33,0
Nhà Bè,8,2018,34,0
Nhà Bè,9,2018,39,0
Nhà Bè,10,2018,39,0
Nhà Bè,11,2018,40,0
Nhà Bè,12,2018,40,0
Nhà Bè,1,2019,49,0
Nhà Bè,2,2019,51,0
Nhà Bè,3,2019,52,0
Nhà Bè,4,2019,50,0
Nhà Bè,5,2019,51,0
Nhà Bè,6,2019,51,0
Nhà Bè,7,2019,78,0
Nhà Bè,8,2019,75,0
Nhà Bè,9,2019,77,0
Nhà Bè,10,2019,75,0
Nhà Bè,11,2019,74,0
Nhà Bè,12,2019,72,0
Nhà Bè,1,2020,66,0
Nhà Bè,2,2020,59,0
Nhà Bè,3,2020,57,0
Nhà Bè,4,2020,60,0
Nhà Bè,5,2020,67,0
Nhà Bè,6,2020,63,0
Nhà Bè,7,2020,63,0
Nhà Bè,8,2020,65,0
Nhà Bè,9,2020,66,0
Nhà Bè,10,2020,66,0
Nhà Bè,11,2020,67,0
Nhà Bè,12,2020,72,0
Nhà Bè,1,2021,71,0
Nhà Bè,2,2021,71,0
Nhà Bè,3,2021,73,0
Nhà Bè,4,2021,80,0
Nhà Bè,5,2021,80,0
Nhà Bè,6,2021,80,0
Nhà Bè,7,2021,81,0
Nhà Bè,8,2021,85,0
Nhà Bè,9,2021,85,0
Nhà Bè,10,2021,90,0
Nhà Bè,11,2021,92,0
Nhà Bè,12,2021,94,0
Nhà Bè,1,2022,99,0
Nhà Bè,2,2022,101,0
Nhà Bè,3,2022,101,0
Nhà Bè,4,2022,72,0
Nhà Bè,5,2022,69,0
